{ "name" : "Mongodb Pro",
 "rating" : 4,
 "author" : "Shunzhe Yu",
 "timeslots": ["Wed 7:00 am - 12:00 am", "Fri 7:00 am - 12:00 am"],
 "contentPanel": [{"tagname": "database", "tagdescript": "Learn database in 10 days"}, 
 {"tagname": "server", "tagdescript": "Learn how to set up server"}],
 "coords" : [-79.40011, 43.66469],
 "reviews": [{"rating": 5, "author": "Nami", "text": "Amazing tutorials", 
	"_id": ObjectId()}, {
		"rating": 5, "author": "Zoro", "text": "Hard but rewarding training!",
		"_id": ObjectId()
	}]}

{ "name" : "Badminton Pro",
 "rating" : 5,
 "author" : "Prince Yu",
 "timeslots": ["Tue 3:00 pm - 5:00 pm", "Fri 3:00 pm - 5:00 pm"],
 "contentPanel": [{"tagname": "running", "tagdescript": "Fire up your body"}, 
 {"tagname": "badminton", "tagdescript": "Learn how to serve and slash"}],
 "coords" : [-79.40021, 43.66469],
 "reviews": [{"rating": 4, "author": "Usorp", "text": "Good class!", 
	"_id": ObjectId()},
	 {
		"rating": 5, "author": "Sanji", "text": "It's demanding at first, but soon I get accustomed to the training and feel much better!",
		"_id": ObjectId()
	}]}

{ "name" : "Super Bowl",
 "rating" : 3,
 "author" : "Hancock",
 "timeslots": ["Tue 8:00 pm - 10:00 pm", "Fri 8:00 pm - 10:00 pm"],
 "contentPanel": [{"tagname": "Extreme Sports", "tagdescript": "Explore your body"}],
 "coords" : [-79.43021, 43.66469],
 "reviews": [{"rating": 4, "author": "Chopper", "text": "Excited!", 
	"_id": ObjectId()},
	 {
		"rating": 5, "author": "Brook", "text": "It's horrible at first, but soon I get accustomed to the training and feel much better!",
		"_id": ObjectId()
	}]}